Id,OrderDate,OrderNumber,CustomerId,TotalAmount
1,2012-07-04 00:00:00.000,542378,85,440.00
2,2012-07-05 00:00:00.000,542379,79,1863.40
3,2012-07-08 00:00:00.000,542380,34,1813.00
4,2012-07-08 00:00:00.000,542381,84,670.80
5,2012-07-09 00:00:00.000,542382,76,3730.00
6,2012-07-10 00:00:00.000,542383,34,1444.80
7,2012-07-11 00:00:00.000,542384,14,625.20
8,2012-07-12 00:00:00.000,542385,68,2490.50
9,2012-07-15 00:00:00.000,542386,88,517.80
10,2012-07-16 00:00:00.000,542387,35,1119.90
11,2012-07-17 00:00:00.000,542388,20,2018.60
12,2012-07-18 00:00:00.000,542389,13,100.80
13,2012-07-19 00:00:00.000,542390,56,1746.20
14,2012-07-19 00:00:00.000,542391,61,448.00
15,2012-07-22 00:00:00.000,542392,65,624.80
16,2012-07-23 00:00:00.000,542393,20,2464.80
17,2012-07-24 00:00:00.000,542394,24,724.50
18,2012-07-25 00:00:00.000,542395,7,1176.00
19,2012-07-26 00:00:00.000,542396,87,364.80
20,2012-07-29 00:00:00.000,542397,25,4031.00
21,2012-07-30 00:00:00.000,542398,33,1101.20
22,2012-07-31 00:00:00.000,542399,89,676.00
23,2012-08-01 00:00:00.000,542400,87,1376.00
24,2012-08-01 00:00:00.000,542401,75,48.00
25,2012-08-02 00:00:00.000,542402,65,1456.00
26,2012-08-05 00:00:00.000,542403,63,2142.40
27,2012-08-06 00:00:00.000,542404,85,538.60
28,2012-08-07 00:00:00.000,542405,49,307.20
29,2012-08-08 00:00:00.000,542406,80,420.00
30,2012-08-09 00:00:00.000,542407,52,1200.80
31,2012-08-12 00:00:00.000,542408,5,1488.80
32,2012-08-13 00:00:00.000,542409,44,468.00
33,2012-08-14 00:00:00.000,542410,5,613.20
34,2012-08-14 00:00:00.000,542411,69,86.50
35,2012-08-15 00:00:00.000,542412,69,155.40
36,2012-08-16 00:00:00.000,542413,46,1414.80
37,2012-08-19 00:00:00.000,542414,44,1452.00
38,2012-08-20 00:00:00.000,542415,63,2179.20
39,2012-08-21 00:00:00.000,542416,63,3016.00
40,2012-08-22 00:00:00.000,542417,67,924.00
41,2012-08-23 00:00:00.000,542418,66,89.00
42,2012-08-26 00:00:00.000,542419,11,479.40
43,2012-08-27 00:00:00.000,542420,15,2169.00
44,2012-08-27 00:00:00.000,542421,61,552.80
45,2012-08-28 00:00:00.000,542422,81,1296.00
46,2012-08-29 00:00:00.000,542423,80,848.70
47,2012-08-30 00:00:00.000,542424,65,1887.60
48,2012-09-02 00:00:00.000,542425,85,121.60
49,2012-09-03 00:00:00.000,542426,46,1050.60
50,2012-09-04 00:00:00.000,542427,7,1420.00
51,2012-09-05 00:00:00.000,542428,37,3127.00
52,2012-09-06 00:00:00.000,542429,67,349.50
53,2012-09-09 00:00:00.000,542430,49,608.00
54,2012-09-09 00:00:00.000,542431,86,755.00
55,2012-09-10 00:00:00.000,542432,76,2708.80
56,2012-09-11 00:00:00.000,542433,30,1242.00
57,2012-09-12 00:00:00.000,542434,80,954.40
58,2012-09-13 00:00:00.000,542435,55,4157.00
59,2012-09-16 00:00:00.000,542436,69,498.50
60,2012-09-17 00:00:00.000,542437,48,424.00
61,2012-09-18 00:00:00.000,542438,2,88.80
62,2012-09-19 00:00:00.000,542439,37,1762.00
63,2012-09-20 00:00:00.000,542440,77,336.00
64,2012-09-20 00:00:00.000,542441,18,268.80
65,2012-09-23 00:00:00.000,542442,86,1614.80
66,2012-09-24 00:00:00.000,542443,63,182.40
67,2012-09-25 00:00:00.000,542444,65,2327.00
68,2012-09-26 00:00:00.000,542445,38,516.80
69,2012-09-27 00:00:00.000,542446,65,2835.00
70,2012-09-30 00:00:00.000,542447,48,288.00
71,2012-10-01 00:00:00.000,542448,38,240.40
72,2012-10-02 00:00:00.000,542449,80,1191.20
73,2012-10-03 00:00:00.000,542450,87,516.00
74,2012-10-03 00:00:00.000,542451,38,144.00
75,2012-10-04 00:00:00.000,542452,58,112.00
76,2012-10-07 00:00:00.000,542453,39,164.40
77,2012-10-08 00:00:00.000,542454,71,6155.90
78,2012-10-09 00:00:00.000,542455,39,1497.00
79,2012-10-10 00:00:00.000,542456,8,982.00
80,2012-10-11 00:00:00.000,542457,24,2262.50
81,2012-10-14 00:00:00.000,542458,28,1168.00
82,2012-10-15 00:00:00.000,542459,75,4819.40
83,2012-10-16 00:00:00.000,542460,46,1940.00
84,2012-10-16 00:00:00.000,542461,9,88.50
85,2012-10-17 00:00:00.000,542462,51,2233.60
86,2012-10-18 00:00:00.000,542463,87,954.00
87,2012-10-21 00:00:00.000,542464,84,144.80
88,2012-10-22 00:00:00.000,542465,37,2545.20
89,2012-10-23 00:00:00.000,542466,60,316.80
90,2012-10-24 00:00:00.000,542467,25,2467.00
91,2012-10-25 00:00:00.000,542468,55,934.50
92,2012-10-28 00:00:00.000,542469,51,3463.20
93,2012-10-29 00:00:00.000,542470,9,2564.40
94,2012-10-29 00:00:00.000,542471,73,412.00
95,2012-10-30 00:00:00.000,542472,25,2300.80
96,2012-10-31 00:00:00.000,542473,44,1586.00
97,2012-11-01 00:00:00.000,542474,89,2856.00
98,2012-11-04 00:00:00.000,542475,63,2924.80
99,2012-11-05 00:00:00.000,542476,65,1731.20
100,2012-11-06 00:00:00.000,542477,21,928.00
101,2012-11-07 00:00:00.000,542478,86,396.00
102,2012-11-08 00:00:00.000,542479,75,141.60
103,2012-11-11 00:00:00.000,542480,41,713.40
104,2012-11-11 00:00:00.000,542481,20,5677.60
105,2012-11-12 00:00:00.000,542482,28,154.00
106,2012-11-13 00:00:00.000,542483,59,10741.60
107,2012-11-14 00:00:00.000,542484,58,568.80
108,2012-11-15 00:00:00.000,542485,4,480.00
109,2012-11-18 00:00:00.000,542486,86,1106.40
110,2012-11-19 00:00:00.000,542487,46,1360.00
111,2012-11-20 00:00:00.000,542488,41,452.00
112,2012-11-21 00:00:00.000,542489,72,3654.40
113,2012-11-22 00:00:00.000,542490,7,7390.20
114,2012-11-22 00:00:00.000,542491,63,2273.60
115,2012-11-25 00:00:00.000,542492,9,1549.60
116,2012-11-26 00:00:00.000,542493,17,447.20
117,2012-11-26 00:00:00.000,542494,19,950.00
118,2012-11-27 00:00:00.000,542495,3,403.20
119,2012-11-28 00:00:00.000,542496,29,136.00
120,2012-11-28 00:00:00.000,542497,83,834.20
121,2012-11-29 00:00:00.000,542498,20,1834.20
122,2012-12-02 00:00:00.000,542499,75,2527.20
123,2012-12-03 00:00:00.000,542500,14,1174.00
124,2012-12-03 00:00:00.000,542501,41,91.20
125,2012-12-04 00:00:00.000,542502,62,12281.20
126,2012-12-05 00:00:00.000,542503,37,1708.00
127,2012-12-05 00:00:00.000,542504,91,459.00
128,2012-12-06 00:00:00.000,542505,36,338.00
129,2012-12-09 00:00:00.000,542506,51,420.00
130,2012-12-09 00:00:00.000,542507,72,1016.00
131,2012-12-10 00:00:00.000,542508,24,103.20
132,2012-12-11 00:00:00.000,542509,61,959.20
133,2012-12-12 00:00:00.000,542510,37,1419.80
134,2012-12-12 00:00:00.000,542511,46,112.00
135,2012-12-13 00:00:00.000,542512,20,2900.00
136,2012-12-16 00:00:00.000,542513,4,899.00
137,2012-12-16 00:00:00.000,542514,5,2222.40
138,2012-12-17 00:00:00.000,542515,75,864.00
139,2012-12-18 00:00:00.000,542516,21,166.00
140,2012-12-18 00:00:00.000,542517,70,1058.40
141,2012-12-19 00:00:00.000,542518,72,1274.00
142,2012-12-20 00:00:00.000,542519,10,1832.80
143,2012-12-23 00:00:00.000,542520,20,2275.20
144,2012-12-23 00:00:00.000,542521,17,86.40
145,2012-12-24 00:00:00.000,542522,59,1440.00
146,2012-12-25 00:00:00.000,542523,71,3302.60
147,2012-12-25 00:00:00.000,542524,36,442.00
148,2012-12-26 00:00:00.000,542525,35,2333.20
149,2012-12-27 00:00:00.000,542526,25,1903.80
150,2012-12-27 00:00:00.000,542527,60,843.20
151,2012-12-30 00:00:00.000,542528,71,2736.00
152,2012-12-31 00:00:00.000,542529,83,1765.60
153,2013-01-01 00:00:00.000,542530,19,3063.00
154,2013-01-01 00:00:00.000,542531,65,3868.60
155,2013-01-02 00:00:00.000,542532,20,2713.50
156,2013-01-03 00:00:00.000,542533,20,1005.90
157,2013-01-03 00:00:00.000,542534,49,1675.00
158,2013-01-06 00:00:00.000,542535,47,400.00
159,2013-01-07 00:00:00.000,542536,62,2018.20
160,2013-01-07 00:00:00.000,542537,56,1194.00
161,2013-01-08 00:00:00.000,542538,23,1622.40
162,2013-01-09 00:00:00.000,542539,54,319.20
163,2013-01-10 00:00:00.000,542540,10,802.00
164,2013-01-10 00:00:00.000,542541,10,1208.50
165,2013-01-13 00:00:00.000,542542,87,372.00
166,2013-01-14 00:00:00.000,542543,41,2123.20
167,2013-01-14 00:00:00.000,542544,21,231.40
168,2013-01-15 00:00:00.000,542545,36,102.40
169,2013-01-16 00:00:00.000,542546,87,720.00
170,2013-01-16 00:00:00.000,542547,73,11283.20
171,2013-01-17 00:00:00.000,542548,63,1814.80
172,2013-01-20 00:00:00.000,542549,68,2208.00
173,2013-01-21 00:00:00.000,542550,88,1897.60
174,2013-01-21 00:00:00.000,542551,61,1273.20
175,2013-01-22 00:00:00.000,542552,27,49.80
176,2013-01-23 00:00:00.000,542553,31,1020.00
177,2013-01-23 00:00:00.000,542554,51,11493.20
178,2013-01-24 00:00:00.000,542555,41,480.00
179,2013-01-27 00:00:00.000,542556,29,338.20
180,2013-01-27 00:00:00.000,542557,59,651.00
181,2013-01-28 00:00:00.000,542558,66,192.00
182,2013-01-29 00:00:00.000,542559,37,1748.50
183,2013-01-30 00:00:00.000,542560,20,5796.00
184,2013-01-30 00:00:00.000,542561,10,2523.00
185,2013-01-31 00:00:00.000,542562,75,485.00
186,2013-02-03 00:00:00.000,542563,60,851.20
187,2013-02-03 00:00:00.000,542564,24,360.00
188,2013-02-04 00:00:00.000,542565,16,631.60
189,2013-02-05 00:00:00.000,542566,7,2210.80
190,2013-02-05 00:00:00.000,542567,87,393.00
191,2013-02-06 00:00:00.000,542568,79,567.50
192,2013-02-07 00:00:00.000,542569,51,1078.00
193,2013-02-10 00:00:00.000,542570,71,5793.10
194,2013-02-10 00:00:00.000,542571,55,1755.00
195,2013-02-11 00:00:00.000,542572,20,1792.00
196,2013-02-12 00:00:00.000,542573,66,537.60
197,2013-02-12 00:00:00.000,542574,5,1031.70
198,2013-02-13 00:00:00.000,542575,5,174.90
199,2013-02-14 00:00:00.000,542576,79,273.60
200,2013-02-14 00:00:00.000,542577,67,914.40
201,2013-02-17 00:00:00.000,542578,64,443.40
202,2013-02-18 00:00:00.000,542579,7,1838.20
203,2013-02-19 00:00:00.000,542580,84,531.40
204,2013-02-19 00:00:00.000,542581,63,4277.40
205,2013-02-20 00:00:00.000,542582,71,2096.00
206,2013-02-21 00:00:00.000,542583,4,453.00
207,2013-02-21 00:00:00.000,542584,41,414.00
208,2013-02-24 00:00:00.000,542585,87,2684.00
209,2013-02-25 00:00:00.000,542586,39,656.00
210,2013-02-25 00:00:00.000,542587,39,1584.00
211,2013-02-26 00:00:00.000,542588,76,3891.00
212,2013-02-27 00:00:00.000,542589,84,1688.00
213,2013-02-28 00:00:00.000,542590,24,234.80
214,2013-02-28 00:00:00.000,542591,46,2051.60
215,2013-03-03 00:00:00.000,542592,16,156.00
216,2013-03-04 00:00:00.000,542593,76,713.30
217,2013-03-04 00:00:00.000,542594,28,1848.00
218,2013-03-05 00:00:00.000,542595,83,2719.00
219,2013-03-06 00:00:00.000,542596,15,216.00
220,2013-03-06 00:00:00.000,542597,49,235.20
221,2013-03-07 00:00:00.000,542598,39,717.60
222,2013-03-10 00:00:00.000,542599,89,1125.50
223,2013-03-11 00:00:00.000,542600,9,1820.80
224,2013-03-11 00:00:00.000,542601,11,1328.00
225,2013-03-12 00:00:00.000,542602,72,1051.20
226,2013-03-13 00:00:00.000,542603,38,230.40
227,2013-03-13 00:00:00.000,542604,58,1249.10
228,2013-03-14 00:00:00.000,542605,76,1770.80
229,2013-03-17 00:00:00.000,542606,35,182.40
230,2013-03-17 00:00:00.000,542607,60,672.00
231,2013-03-18 00:00:00.000,542608,84,496.00
232,2013-03-19 00:00:00.000,542609,65,10495.60
233,2013-03-20 00:00:00.000,542610,23,756.00
234,2013-03-20 00:00:00.000,542611,67,1472.00
235,2013-03-21 00:00:00.000,542612,43,147.00
236,2013-03-24 00:00:00.000,542613,89,704.00
237,2013-03-24 00:00:00.000,542614,11,386.20
238,2013-03-25 00:00:00.000,542615,47,1760.00
239,2013-03-26 00:00:00.000,542616,35,1272.00
240,2013-03-26 00:00:00.000,542617,62,925.10
241,2013-03-27 00:00:00.000,542618,25,1560.00
242,2013-03-28 00:00:00.000,542619,59,502.20
243,2013-03-31 00:00:00.000,542620,35,3163.20
244,2013-03-31 00:00:00.000,542621,28,305.30
245,2013-04-01 00:00:00.000,542622,10,896.00
246,2013-04-02 00:00:00.000,542623,41,676.00
247,2013-04-02 00:00:00.000,542624,15,912.00
248,2013-04-03 00:00:00.000,542625,42,278.00
249,2013-04-04 00:00:00.000,542626,81,200.00
250,2013-04-04 00:00:00.000,542627,44,1380.60
251,2013-04-07 00:00:00.000,542628,35,575.00
252,2013-04-08 00:00:00.000,542629,46,1412.00
253,2013-04-09 00:00:00.000,542630,41,550.80
254,2013-04-09 00:00:00.000,542631,6,149.00
255,2013-04-10 00:00:00.000,542632,58,816.30
256,2013-04-11 00:00:00.000,542633,37,2048.50
257,2013-04-11 00:00:00.000,542634,89,1388.50
258,2013-04-14 00:00:00.000,542635,51,147.90
259,2013-04-15 00:00:00.000,542636,39,462.00
260,2013-04-15 00:00:00.000,542637,3,881.25
261,2013-04-16 00:00:00.000,542638,56,240.00
262,2013-04-17 00:00:00.000,542639,6,136.80
263,2013-04-18 00:00:00.000,542640,71,4735.44
264,2013-04-18 00:00:00.000,542641,9,3000.00
265,2013-04-21 00:00:00.000,542642,21,618.00
266,2013-04-22 00:00:00.000,542643,86,2427.50
267,2013-04-22 00:00:00.000,542644,20,8623.45
268,2013-04-23 00:00:00.000,542645,63,10588.50
269,2013-04-24 00:00:00.000,542646,37,2614.50
270,2013-04-24 00:00:00.000,542647,53,352.00
271,2013-04-25 00:00:00.000,542648,80,4150.05
272,2013-04-28 00:00:00.000,542649,14,2356.00
273,2013-04-29 00:00:00.000,542650,70,200.00
274,2013-04-29 00:00:00.000,542651,12,225.50
275,2013-04-30 00:00:00.000,542652,44,2657.80
276,2013-05-01 00:00:00.000,542653,72,2715.90
277,2013-05-01 00:00:00.000,542654,5,3192.65
278,2013-05-02 00:00:00.000,542655,9,846.00
279,2013-05-05 00:00:00.000,542656,87,1344.00
280,2013-05-05 00:00:00.000,542657,63,1670.00
281,2013-05-06 00:00:00.000,542658,32,396.20
282,2013-05-07 00:00:00.000,542659,50,946.00
283,2013-05-08 00:00:00.000,542660,59,4180.00
284,2013-05-08 00:00:00.000,542661,54,110.00
285,2013-05-09 00:00:00.000,542662,19,796.35
286,2013-05-12 00:00:00.000,542663,24,2295.20
287,2013-05-12 00:00:00.000,542664,44,517.40
288,2013-05-13 00:00:00.000,542665,3,2156.50
289,2013-05-14 00:00:00.000,542666,44,2085.00
290,2013-05-14 00:00:00.000,542667,68,1823.80
291,2013-05-15 00:00:00.000,542668,11,139.80
292,2013-05-16 00:00:00.000,542669,11,355.50
293,2013-05-19 00:00:00.000,542670,63,10191.70
294,2013-05-19 00:00:00.000,542671,34,2162.80
295,2013-05-20 00:00:00.000,542672,39,493.80
296,2013-05-21 00:00:00.000,542673,46,1770.00
297,2013-05-21 00:00:00.000,542674,48,417.20
298,2013-05-22 00:00:00.000,542675,43,210.00
299,2013-05-23 00:00:00.000,542676,84,2812.00
300,2013-05-23 00:00:00.000,542677,72,1908.00
301,2013-05-26 00:00:00.000,542678,79,275.10
302,2013-05-27 00:00:00.000,542679,63,4181.50
303,2013-05-28 00:00:00.000,542680,30,749.00
304,2013-05-28 00:00:00.000,542681,28,1836.00
305,2013-05-29 00:00:00.000,542682,35,880.50
306,2013-05-30 00:00:00.000,542683,87,1546.30
307,2013-05-30 00:00:00.000,542684,56,1819.50
308,2013-06-02 00:00:00.000,542685,71,3680.50
309,2013-06-03 00:00:00.000,542686,73,835.20
310,2013-06-03 00:00:00.000,542687,44,1152.50
311,2013-06-04 00:00:00.000,542688,4,2142.90
312,2013-06-05 00:00:00.000,542689,7,547.80
313,2013-06-06 00:00:00.000,542690,25,1257.30
314,2013-06-06 00:00:00.000,542691,24,2844.50
315,2013-06-09 00:00:00.000,542692,66,543.00
316,2013-06-10 00:00:00.000,542693,67,965.00
317,2013-06-10 00:00:00.000,542694,65,1299.00
318,2013-06-11 00:00:00.000,542695,51,711.00
319,2013-06-12 00:00:00.000,542696,7,2040.00
320,2013-06-12 00:00:00.000,542697,37,3109.00
321,2013-06-13 00:00:00.000,542698,29,155.00
322,2013-06-16 00:00:00.000,542699,65,977.50
323,2013-06-17 00:00:00.000,542700,51,2595.00
324,2013-06-17 00:00:00.000,542701,20,647.75
325,2013-06-18 00:00:00.000,542702,5,1565.65
326,2013-06-19 00:00:00.000,542703,3,2082.00
327,2013-06-19 00:00:00.000,542704,82,764.30
328,2013-06-20 00:00:00.000,542705,52,2147.40
329,2013-06-23 00:00:00.000,542706,80,838.45
330,2013-06-23 00:00:00.000,542707,82,569.00
331,2013-06-24 00:00:00.000,542708,11,477.00
332,2013-06-25 00:00:00.000,542709,45,317.75
333,2013-06-26 00:00:00.000,542710,56,1067.10
334,2013-06-26 00:00:00.000,542711,21,387.50
335,2013-06-27 00:00:00.000,542712,6,330.00
336,2013-06-30 00:00:00.000,542713,87,2413.90
337,2013-06-30 00:00:00.000,542714,7,625.00
338,2013-07-01 00:00:00.000,542715,88,142.50
339,2013-07-02 00:00:00.000,542716,66,28.00
340,2013-07-02 00:00:00.000,542717,61,807.38
341,2013-07-03 00:00:00.000,542718,63,3900.00
342,2013-07-04 00:00:00.000,542719,32,72.00
343,2013-07-07 00:00:00.000,542720,51,1140.00
344,2013-07-07 00:00:00.000,542721,83,812.50
345,2013-07-08 00:00:00.000,542722,44,543.65
346,2013-07-09 00:00:00.000,542723,44,2493.00
347,2013-07-09 00:00:00.000,542724,55,565.50
348,2013-07-10 00:00:00.000,542725,20,6300.00
349,2013-07-11 00:00:00.000,542726,89,1476.10
350,2013-07-11 00:00:00.000,542727,59,800.10
351,2013-07-14 00:00:00.000,542728,65,2388.50
352,2013-07-15 00:00:00.000,542729,11,493.00
353,2013-07-16 00:00:00.000,542730,36,479.80
354,2013-07-16 00:00:00.000,542731,35,2285.00
355,2013-07-17 00:00:00.000,542732,83,65.00
356,2013-07-18 00:00:00.000,542733,71,1508.00
357,2013-07-18 00:00:00.000,542734,28,256.50
358,2013-07-21 00:00:00.000,542735,51,4326.00
359,2013-07-22 00:00:00.000,542736,81,1413.00
360,2013-07-22 00:00:00.000,542737,71,6475.40
361,2013-07-23 00:00:00.000,542738,79,1064.00
362,2013-07-24 00:00:00.000,542739,18,424.00
363,2013-07-25 00:00:00.000,542740,41,399.00
364,2013-07-25 00:00:00.000,542741,91,808.00
365,2013-07-28 00:00:00.000,542742,71,6375.00
366,2013-07-29 00:00:00.000,542743,35,358.00
367,2013-07-29 00:00:00.000,542744,6,464.00
368,2013-07-30 00:00:00.000,542745,90,120.00
369,2013-07-31 00:00:00.000,542746,32,5032.00
370,2013-07-31 00:00:00.000,542747,32,1650.00
371,2013-08-01 00:00:00.000,542748,51,2697.50
372,2013-08-04 00:00:00.000,542749,51,1260.00
373,2013-08-05 00:00:00.000,542750,42,57.50
374,2013-08-05 00:00:00.000,542751,38,758.50
375,2013-08-06 00:00:00.000,542752,67,605.00
376,2013-08-07 00:00:00.000,542753,25,1429.75
377,2013-08-07 00:00:00.000,542754,78,1393.24
378,2013-08-08 00:00:00.000,542755,2,479.75
379,2013-08-11 00:00:00.000,542756,5,1503.60
380,2013-08-11 00:00:00.000,542757,71,1264.50
381,2013-08-12 00:00:00.000,542758,7,450.00
382,2013-08-12 00:00:00.000,542759,30,2775.05
383,2013-08-13 00:00:00.000,542760,39,918.00
384,2013-08-14 00:00:00.000,542761,41,62.00
385,2013-08-14 00:00:00.000,542762,86,620.00
386,2013-08-15 00:00:00.000,542763,20,6483.05
387,2013-08-15 00:00:00.000,542764,23,4985.50
388,2013-08-18 00:00:00.000,542765,49,1380.25
389,2013-08-19 00:00:00.000,542766,87,629.50
390,2013-08-19 00:00:00.000,542767,62,2896.25
391,2013-08-20 00:00:00.000,542768,47,2720.05
392,2013-08-20 00:00:00.000,542769,70,500.00
393,2013-08-21 00:00:00.000,542770,86,945.00
394,2013-08-22 00:00:00.000,542771,35,2054.00
395,2013-08-22 00:00:00.000,542772,73,870.00
396,2013-08-25 00:00:00.000,542773,1,1086.00
397,2013-08-25 00:00:00.000,542774,88,1422.00
398,2013-08-26 00:00:00.000,542775,34,1535.00
399,2013-08-27 00:00:00.000,542776,37,1928.00
400,2013-08-27 00:00:00.000,542777,61,636.00
401,2013-08-28 00:00:00.000,542778,67,382.50
402,2013-08-28 00:00:00.000,542779,50,1434.00
403,2013-08-29 00:00:00.000,542780,21,1820.20
404,2013-09-01 00:00:00.000,542781,86,530.40
405,2013-09-01 00:00:00.000,542782,31,331.78
406,2013-09-02 00:00:00.000,542783,25,1203.50
407,2013-09-02 00:00:00.000,542784,5,668.70
408,2013-09-03 00:00:00.000,542785,66,193.00
409,2013-09-04 00:00:00.000,542786,32,671.35
410,2013-09-04 00:00:00.000,542787,71,4371.60
411,2013-09-05 00:00:00.000,542788,63,4668.00
412,2013-09-05 00:00:00.000,542789,62,1291.60
413,2013-09-08 00:00:00.000,542790,36,1701.00
414,2013-09-09 00:00:00.000,542791,37,703.25
415,2013-09-09 00:00:00.000,542792,48,125.00
416,2013-09-10 00:00:00.000,542793,9,2032.00
417,2013-09-10 00:00:00.000,542794,28,1515.75
418,2013-09-11 00:00:00.000,542795,48,1295.00
419,2013-09-12 00:00:00.000,542796,68,4666.94
420,2013-09-12 00:00:00.000,542797,20,1921.00
421,2013-09-15 00:00:00.000,542798,86,694.75
422,2013-09-15 00:00:00.000,542799,73,570.00
423,2013-09-16 00:00:00.000,542800,25,2301.75
424,2013-09-17 00:00:00.000,542801,26,920.10
425,2013-09-17 00:00:00.000,542802,5,4210.50
426,2013-09-18 00:00:00.000,542803,90,412.35
427,2013-09-18 00:00:00.000,542804,38,45.00
428,2013-09-19 00:00:00.000,542805,25,1423.00
429,2013-09-22 00:00:00.000,542806,80,534.85
430,2013-09-22 00:00:00.000,542807,3,956.90
431,2013-09-23 00:00:00.000,542808,71,5256.50
432,2013-09-23 00:00:00.000,542809,7,660.00
433,2013-09-24 00:00:00.000,542810,55,1682.50
434,2013-09-25 00:00:00.000,542811,32,1327.00
435,2013-09-25 00:00:00.000,542812,3,375.50
436,2013-09-26 00:00:00.000,542813,18,63.00
437,2013-09-26 00:00:00.000,542814,56,1768.00
438,2013-09-29 00:00:00.000,542815,31,801.10
439,2013-09-30 00:00:00.000,542816,59,1638.45
440,2013-09-30 00:00:00.000,542817,37,6201.90
441,2013-10-01 00:00:00.000,542818,83,3490.00
442,2013-10-01 00:00:00.000,542819,5,630.00
443,2013-10-02 00:00:00.000,542820,34,1150.00
444,2013-10-03 00:00:00.000,542821,63,10164.80
445,2013-10-03 00:00:00.000,542822,1,878.00
446,2013-10-06 00:00:00.000,542823,89,2334.00
447,2013-10-06 00:00:00.000,542824,63,4825.00
448,2013-10-07 00:00:00.000,542825,90,642.00
449,2013-10-08 00:00:00.000,542826,89,996.00
450,2013-10-08 00:00:00.000,542827,47,1073.90
451,2013-10-09 00:00:00.000,542828,20,3600.73
452,2013-10-09 00:00:00.000,542829,52,114.00
453,2013-10-10 00:00:00.000,542830,71,2048.00
454,2013-10-13 00:00:00.000,542831,37,3370.00
455,2013-10-13 00:00:00.000,542832,1,330.00
456,2013-10-14 00:00:00.000,542833,24,2545.00
457,2013-10-14 00:00:00.000,542834,62,595.50
458,2013-10-15 00:00:00.000,542835,35,378.00
459,2013-10-16 00:00:00.000,542836,55,1893.00
460,2013-10-16 00:00:00.000,542837,4,1704.00
461,2013-10-17 00:00:00.000,542838,77,180.40
462,2013-10-17 00:00:00.000,542839,31,3424.00
463,2013-10-20 00:00:00.000,542840,27,93.50
464,2013-10-21 00:00:00.000,542841,71,4451.70
465,2013-10-21 00:00:00.000,542842,37,1238.40
466,2013-10-22 00:00:00.000,542843,71,2827.90
467,2013-10-22 00:00:00.000,542844,71,2941.00
468,2013-10-23 00:00:00.000,542845,9,1296.00
469,2013-10-24 00:00:00.000,542846,64,706.00
470,2013-10-24 00:00:00.000,542847,25,1331.75
471,2013-10-27 00:00:00.000,542848,39,3463.00
472,2013-10-27 00:00:00.000,542849,45,1125.67
473,2013-10-28 00:00:00.000,542850,61,550.00
474,2013-10-29 00:00:00.000,542851,63,972.50
475,2013-10-29 00:00:00.000,542852,71,1570.00
476,2013-10-30 00:00:00.000,542853,89,468.45
477,2013-10-30 00:00:00.000,542854,51,638.50
478,2013-10-31 00:00:00.000,542855,21,287.80
479,2013-11-03 00:00:00.000,542856,19,655.00
480,2013-11-03 00:00:00.000,542857,66,1710.00
481,2013-11-04 00:00:00.000,542858,62,1296.75
482,2013-11-04 00:00:00.000,542859,47,1850.00
483,2013-11-05 00:00:00.000,542860,9,509.75
484,2013-11-06 00:00:00.000,542861,14,1990.00
485,2013-11-06 00:00:00.000,542862,9,360.00
486,2013-11-07 00:00:00.000,542863,5,1459.00
487,2013-11-07 00:00:00.000,542864,31,1498.35
488,2013-11-10 00:00:00.000,542865,45,596.00
489,2013-11-11 00:00:00.000,542866,37,997.00
490,2013-11-11 00:00:00.000,542867,85,139.80
491,2013-11-12 00:00:00.000,542868,74,52.35
492,2013-11-12 00:00:00.000,542869,85,240.00
493,2013-11-13 00:00:00.000,542870,89,1770.00
494,2013-11-14 00:00:00.000,542871,4,285.00
495,2013-11-14 00:00:00.000,542872,10,3118.00
496,2013-11-17 00:00:00.000,542873,4,336.00
497,2013-11-17 00:00:00.000,542874,83,920.00
498,2013-11-18 00:00:00.000,542875,63,4529.80
499,2013-11-19 00:00:00.000,542876,14,2311.70
500,2013-11-19 00:00:00.000,542877,59,1912.85
501,2013-11-20 00:00:00.000,542878,71,2196.00
502,2013-11-20 00:00:00.000,542879,38,1080.00
503,2013-11-21 00:00:00.000,542880,87,1871.25
504,2013-11-24 00:00:00.000,542881,68,1701.46
505,2013-11-24 00:00:00.000,542882,53,252.00
506,2013-11-25 00:00:00.000,542883,27,88.00
507,2013-11-25 00:00:00.000,542884,49,55.20
508,2013-11-26 00:00:00.000,542885,9,2598.00
509,2013-11-27 00:00:00.000,542886,75,2487.50
510,2013-11-27 00:00:00.000,542887,71,3082.00
511,2013-11-28 00:00:00.000,542888,68,1644.60
512,2013-11-28 00:00:00.000,542889,2,320.00
513,2013-12-01 00:00:00.000,542890,50,3304.00
514,2013-12-02 00:00:00.000,542891,65,629.50
515,2013-12-02 00:00:00.000,542892,24,4337.00
516,2013-12-03 00:00:00.000,542893,23,616.00
517,2013-12-03 00:00:00.000,542894,20,2540.00
518,2013-12-04 00:00:00.000,542895,63,1684.00
519,2013-12-05 00:00:00.000,542896,56,2310.00
520,2013-12-05 00:00:00.000,542897,76,28.00
521,2013-12-08 00:00:00.000,542898,4,1477.00
522,2013-12-08 00:00:00.000,542899,83,1704.00
523,2013-12-09 00:00:00.000,542900,34,315.00
524,2013-12-10 00:00:00.000,542901,20,344.00
525,2013-12-10 00:00:00.000,542902,44,3603.22
526,2013-12-11 00:00:00.000,542903,20,2216.25
527,2013-12-11 00:00:00.000,542904,24,875.00
528,2013-12-12 00:00:00.000,542905,78,228.00
529,2013-12-15 00:00:00.000,542906,20,6984.50
530,2013-12-15 00:00:00.000,542907,31,280.00
531,2013-12-16 00:00:00.000,542908,5,96.50
532,2013-12-16 00:00:00.000,542909,52,1335.00
533,2013-12-16 00:00:00.000,542910,46,720.00
534,2013-12-17 00:00:00.000,542911,87,1132.35
535,2013-12-17 00:00:00.000,542912,12,12.50
536,2013-12-18 00:00:00.000,542913,34,1442.50
537,2013-12-18 00:00:00.000,542914,49,1650.00
538,2013-12-18 00:00:00.000,542915,33,387.50
539,2013-12-19 00:00:00.000,542916,62,1913.85
540,2013-12-19 00:00:00.000,542917,41,2760.80
541,2013-12-22 00:00:00.000,542918,63,770.00
542,2013-12-22 00:00:00.000,542919,23,3687.00
543,2013-12-22 00:00:00.000,542920,31,850.00
544,2013-12-23 00:00:00.000,542921,25,1926.06
545,2013-12-23 00:00:00.000,542922,91,399.85
546,2013-12-24 00:00:00.000,542923,4,191.10
547,2013-12-24 00:00:00.000,542924,61,393.45
548,2013-12-24 00:00:00.000,542925,20,2499.25
549,2013-12-25 00:00:00.000,542926,35,2878.08
550,2013-12-25 00:00:00.000,542927,17,420.00
551,2013-12-26 00:00:00.000,542928,38,446.60
552,2013-12-26 00:00:00.000,542929,39,1585.00
553,2013-12-26 00:00:00.000,542930,72,1632.15
554,2013-12-29 00:00:00.000,542931,8,4035.80
555,2013-12-29 00:00:00.000,542932,73,3923.75
556,2013-12-30 00:00:00.000,542933,88,1255.80
557,2013-12-30 00:00:00.000,542934,72,2290.40
558,2013-12-30 00:00:00.000,542935,77,2775.00
559,2013-12-31 00:00:00.000,542936,84,572.10
560,2013-12-31 00:00:00.000,542937,27,18.40
561,2014-01-01 00:00:00.000,542938,55,1660.00
562,2014-01-01 00:00:00.000,542939,88,140.00
563,2014-01-01 00:00:00.000,542940,42,187.00
564,2014-01-02 00:00:00.000,542941,47,852.00
565,2014-01-02 00:00:00.000,542942,66,1852.00
566,2014-01-05 00:00:00.000,542943,67,648.00
567,2014-01-05 00:00:00.000,542944,84,2070.00
568,2014-01-05 00:00:00.000,542945,71,40.00
569,2014-01-06 00:00:00.000,542946,32,8891.00
570,2014-01-06 00:00:00.000,542947,39,11490.70
571,2014-01-07 00:00:00.000,542948,49,833.00
572,2014-01-07 00:00:00.000,542949,12,477.00
573,2014-01-07 00:00:00.000,542950,65,1140.00
574,2014-01-08 00:00:00.000,542951,75,678.00
575,2014-01-08 00:00:00.000,542952,82,237.90
576,2014-01-09 00:00:00.000,542953,46,3107.50
577,2014-01-09 00:00:00.000,542954,24,250.80
578,2014-01-09 00:00:00.000,542955,17,1030.76
579,2014-01-12 00:00:00.000,542956,7,730.00
580,2014-01-12 00:00:00.000,542957,9,843.00
581,2014-01-13 00:00:00.000,542958,64,932.00
582,2014-01-13 00:00:00.000,542959,38,1764.00
583,2014-01-13 00:00:00.000,542960,81,1974.00
584,2014-01-14 00:00:00.000,542961,70,2684.40
585,2014-01-14 00:00:00.000,542962,41,568.95
586,2014-01-15 00:00:00.000,542963,56,1007.70
587,2014-01-15 00:00:00.000,542964,81,1508.12
588,2014-01-15 00:00:00.000,542965,1,851.00
589,2014-01-16 00:00:00.000,542966,20,4705.50
590,2014-01-16 00:00:00.000,542967,5,1254.00
591,2014-01-19 00:00:00.000,542968,47,2584.50
592,2014-01-19 00:00:00.000,542969,81,919.50
593,2014-01-19 00:00:00.000,542970,47,264.00
594,2014-01-20 00:00:00.000,542971,76,4581.00
595,2014-01-20 00:00:00.000,542972,80,975.00
596,2014-01-21 00:00:00.000,542973,84,212.00
597,2014-01-21 00:00:00.000,542974,59,735.00
598,2014-01-21 00:00:00.000,542975,63,4059.00
599,2014-01-22 00:00:00.000,542976,76,1112.00
600,2014-01-22 00:00:00.000,542977,71,6164.90
601,2014-01-23 00:00:00.000,542978,16,931.50
602,2014-01-23 00:00:00.000,542979,39,1052.14
603,2014-01-23 00:00:00.000,542980,84,740.00
604,2014-01-26 00:00:00.000,542981,67,2740.00
605,2014-01-26 00:00:00.000,542982,65,2984.00
606,2014-01-27 00:00:00.000,542983,6,625.00
607,2014-01-27 00:00:00.000,542984,20,3490.00
608,2014-01-27 00:00:00.000,542985,55,2275.25
609,2014-01-28 00:00:00.000,542986,3,660.00
610,2014-01-28 00:00:00.000,542987,5,2630.95
611,2014-01-29 00:00:00.000,542988,40,649.00
612,2014-01-29 00:00:00.000,542989,25,1438.25
613,2014-01-29 00:00:00.000,542990,26,519.00
614,2014-01-30 00:00:00.000,542991,89,3523.40
615,2014-01-30 00:00:00.000,542992,44,581.00
616,2014-02-02 00:00:00.000,542993,35,519.00
617,2014-02-02 00:00:00.000,542994,4,282.00
618,2014-02-02 00:00:00.000,542995,63,17250.00
619,2014-02-03 00:00:00.000,542996,5,1461.60
620,2014-02-03 00:00:00.000,542997,48,98.40
621,2014-02-04 00:00:00.000,542998,62,2004.60
622,2014-02-04 00:00:00.000,542999,72,1630.00
623,2014-02-04 00:00:00.000,543000,91,160.00
624,2014-02-05 00:00:00.000,543001,9,2083.40
625,2014-02-05 00:00:00.000,543002,30,2166.80
626,2014-02-06 00:00:00.000,543003,90,336.80
627,2014-02-06 00:00:00.000,543004,30,310.00
628,2014-02-06 00:00:00.000,543005,5,729.50
629,2014-02-09 00:00:00.000,543006,9,917.00
630,2014-02-09 00:00:00.000,543007,67,2086.00
631,2014-02-10 00:00:00.000,543008,63,1620.00
632,2014-02-10 00:00:00.000,543009,90,611.30
633,2014-02-10 00:00:00.000,543010,24,1875.00
634,2014-02-11 00:00:00.000,543011,12,150.00
635,2014-02-11 00:00:00.000,543012,71,988.40
636,2014-02-12 00:00:00.000,543013,48,36.00
637,2014-02-12 00:00:00.000,543014,45,1450.60
638,2014-02-12 00:00:00.000,543015,76,1209.00
639,2014-02-13 00:00:00.000,543016,34,3127.50
640,2014-02-13 00:00:00.000,543017,29,70.00
641,2014-02-16 00:00:00.000,543018,30,605.00
642,2014-02-16 00:00:00.000,543019,65,11380.00
643,2014-02-16 00:00:00.000,543020,18,860.10
644,2014-02-17 00:00:00.000,543021,44,388.35
645,2014-02-17 00:00:00.000,543022,50,2200.00
646,2014-02-18 00:00:00.000,543023,39,5502.11
647,2014-02-18 00:00:00.000,543024,71,2898.00
648,2014-02-18 00:00:00.000,543025,20,6379.40
649,2014-02-19 00:00:00.000,543026,50,750.50
650,2014-02-19 00:00:00.000,543027,37,10835.24
651,2014-02-20 00:00:00.000,543028,54,30.00
652,2014-02-20 00:00:00.000,543029,46,144.00
653,2014-02-20 00:00:00.000,543030,88,45.00
654,2014-02-23 00:00:00.000,543031,35,934.50
655,2014-02-23 00:00:00.000,543032,24,1015.80
656,2014-02-24 00:00:00.000,543033,34,932.05
657,2014-02-24 00:00:00.000,543034,89,1924.25
658,2014-02-24 00:00:00.000,543035,88,360.00
659,2014-02-25 00:00:00.000,543036,91,427.50
660,2014-02-25 00:00:00.000,543037,74,108.50
661,2014-02-26 00:00:00.000,543038,66,698.00
662,2014-02-26 00:00:00.000,543039,70,670.00
663,2014-02-26 00:00:00.000,543040,90,452.90
664,2014-02-26 00:00:00.000,543041,30,858.00
665,2014-02-26 00:00:00.000,543042,37,8267.40
666,2014-02-26 00:00:00.000,543043,62,958.75
667,2014-02-27 00:00:00.000,543044,62,537.50
668,2014-02-27 00:00:00.000,543045,80,539.50
669,2014-02-27 00:00:00.000,543046,64,686.70
670,2014-03-02 00:00:00.000,543047,69,365.89
671,2014-03-02 00:00:00.000,543048,10,1930.00
672,2014-03-02 00:00:00.000,543049,47,1122.80
673,2014-03-03 00:00:00.000,543050,4,390.00
674,2014-03-03 00:00:00.000,543051,83,1936.00
675,2014-03-03 00:00:00.000,543052,34,742.50
676,2014-03-03 00:00:00.000,543053,41,936.00
677,2014-03-04 00:00:00.000,543054,5,2034.50
678,2014-03-04 00:00:00.000,543055,34,559.00
679,2014-03-04 00:00:00.000,543056,2,514.40
680,2014-03-05 00:00:00.000,543057,40,800.00
681,2014-03-05 00:00:00.000,543058,29,137.50
682,2014-03-05 00:00:00.000,543059,25,1174.75
683,2014-03-06 00:00:00.000,543060,76,2455.00
684,2014-03-06 00:00:00.000,543061,68,837.00
685,2014-03-06 00:00:00.000,543062,9,1925.50
686,2014-03-06 00:00:00.000,543063,38,920.60
687,2014-03-09 00:00:00.000,543064,44,500.00
688,2014-03-09 00:00:00.000,543065,88,700.00
689,2014-03-09 00:00:00.000,543066,32,570.00
690,2014-03-10 00:00:00.000,543067,12,644.80
691,2014-03-10 00:00:00.000,543068,63,3642.50
692,2014-03-10 00:00:00.000,543069,49,750.00
693,2014-03-11 00:00:00.000,543070,9,360.00
694,2014-03-11 00:00:00.000,543071,71,4769.00
695,2014-03-11 00:00:00.000,543072,66,560.00
696,2014-03-11 00:00:00.000,543073,11,711.00
697,2014-03-12 00:00:00.000,543074,10,1139.10
698,2014-03-12 00:00:00.000,543075,52,245.00
699,2014-03-12 00:00:00.000,543076,83,1407.50
700,2014-03-13 00:00:00.000,543077,11,220.00
701,2014-03-13 00:00:00.000,543078,30,2362.25
702,2014-03-13 00:00:00.000,543079,10,4422.00
703,2014-03-16 00:00:00.000,543080,49,110.00
704,2014-03-16 00:00:00.000,543081,68,482.90
705,2014-03-16 00:00:00.000,543082,1,491.20
706,2014-03-16 00:00:00.000,543083,4,4675.00
707,2014-03-17 00:00:00.000,543084,47,1902.10
708,2014-03-17 00:00:00.000,543085,24,93.00
709,2014-03-17 00:00:00.000,543086,6,677.00
710,2014-03-18 00:00:00.000,543087,35,1762.70
711,2014-03-18 00:00:00.000,543088,54,781.00
712,2014-03-18 00:00:00.000,543089,31,155.00
713,2014-03-19 00:00:00.000,543090,35,276.60
714,2014-03-19 00:00:00.000,543091,62,1122.00
715,2014-03-19 00:00:00.000,543092,63,3584.00
716,2014-03-19 00:00:00.000,543093,28,68.00
717,2014-03-20 00:00:00.000,543094,74,2052.50
718,2014-03-20 00:00:00.000,543095,55,848.00
719,2014-03-20 00:00:00.000,543096,14,1255.60
720,2014-03-23 00:00:00.000,543097,79,910.40
721,2014-03-23 00:00:00.000,543098,20,1408.00
722,2014-03-23 00:00:00.000,543099,15,108.00
723,2014-03-24 00:00:00.000,543100,8,280.00
724,2014-03-24 00:00:00.000,543101,26,1733.06
725,2014-03-24 00:00:00.000,543102,40,251.50
726,2014-03-24 00:00:00.000,543103,40,291.55
727,2014-03-25 00:00:00.000,543104,75,439.00
728,2014-03-25 00:00:00.000,543105,10,717.50
729,2014-03-25 00:00:00.000,543106,35,912.00
730,2014-03-26 00:00:00.000,543107,24,2233.00
731,2014-03-26 00:00:00.000,543108,50,1500.70
732,2014-03-26 00:00:00.000,543109,20,4813.50
733,2014-03-27 00:00:00.000,543110,24,310.00
734,2014-03-27 00:00:00.000,543111,34,15810.00
735,2014-03-27 00:00:00.000,543112,10,1014.00
736,2014-03-27 00:00:00.000,543113,71,796.50
737,2014-03-30 00:00:00.000,543114,71,1809.75
738,2014-03-30 00:00:00.000,543115,37,2248.20
739,2014-03-30 00:00:00.000,543116,54,2220.00
740,2014-03-31 00:00:00.000,543117,19,2772.00
741,2014-03-31 00:00:00.000,543118,65,3772.00
742,2014-03-31 00:00:00.000,543119,61,1353.60
743,2014-04-01 00:00:00.000,543120,20,4931.00
744,2014-04-01 00:00:00.000,543121,63,2870.00
745,2014-04-01 00:00:00.000,543122,77,69.60
746,2014-04-01 00:00:00.000,543123,24,6527.25
747,2014-04-02 00:00:00.000,543124,83,990.00
748,2014-04-02 00:00:00.000,543125,58,1196.00
749,2014-04-02 00:00:00.000,543126,63,560.00
750,2014-04-03 00:00:00.000,543127,46,1980.00
751,2014-04-03 00:00:00.000,543128,91,686.00
752,2014-04-03 00:00:00.000,543129,56,1261.00
753,2014-04-06 00:00:00.000,543130,65,1075.00
754,2014-04-06 00:00:00.000,543131,24,2769.00
755,2014-04-06 00:00:00.000,543132,71,1902.00
756,2014-04-06 00:00:00.000,543133,78,326.00
757,2014-04-07 00:00:00.000,543134,50,295.38
758,2014-04-07 00:00:00.000,543135,90,586.00
759,2014-04-07 00:00:00.000,543136,32,391.58
760,2014-04-08 00:00:00.000,543137,60,2633.90
761,2014-04-08 00:00:00.000,543138,20,4903.50
762,2014-04-08 00:00:00.000,543139,30,702.00
763,2014-04-09 00:00:00.000,543140,66,645.00
764,2014-04-09 00:00:00.000,543141,1,960.00
765,2014-04-09 00:00:00.000,543142,25,2974.00
766,2014-04-09 00:00:00.000,543143,69,361.00
767,2014-04-10 00:00:00.000,543144,47,270.20
768,2014-04-10 00:00:00.000,543145,70,622.35
769,2014-04-10 00:00:00.000,543146,4,491.50
770,2014-04-13 00:00:00.000,543147,20,6750.00
771,2014-04-13 00:00:00.000,543148,48,1575.00
772,2014-04-13 00:00:00.000,543149,64,76.00
773,2014-04-14 00:00:00.000,543150,56,744.00
774,2014-04-14 00:00:00.000,543151,63,6941.49
775,2014-04-14 00:00:00.000,543152,34,1402.00
776,2014-04-14 00:00:00.000,543153,11,1500.00
777,2014-04-15 00:00:00.000,543154,19,1966.81
778,2014-04-15 00:00:00.000,543155,87,300.00
779,2014-04-15 00:00:00.000,543156,27,1030.00
780,2014-04-16 00:00:00.000,543157,10,1170.30
781,2014-04-16 00:00:00.000,543158,39,2160.00
782,2014-04-16 00:00:00.000,543159,14,1286.80
783,2014-04-17 00:00:00.000,543160,71,16321.90
784,2014-04-17 00:00:00.000,543161,71,2393.50
785,2014-04-17 00:00:00.000,543162,89,8902.50
786,2014-04-17 00:00:00.000,543163,68,3592.00
787,2014-04-20 00:00:00.000,543164,55,554.40
788,2014-04-20 00:00:00.000,543165,76,1754.50
789,2014-04-20 00:00:00.000,543166,17,1692.00
790,2014-04-21 00:00:00.000,543167,30,60.00
791,2014-04-21 00:00:00.000,543168,76,751.00
792,2014-04-21 00:00:00.000,543169,47,3090.00
793,2014-04-22 00:00:00.000,543170,32,200.00
794,2014-04-22 00:00:00.000,543171,14,1887.00
795,2014-04-22 00:00:00.000,543172,15,405.75
796,2014-04-22 00:00:00.000,543173,74,210.00
797,2014-04-23 00:00:00.000,543174,91,591.60
798,2014-04-23 00:00:00.000,543175,10,1309.50
799,2014-04-23 00:00:00.000,543176,86,1564.00
800,2014-04-24 00:00:00.000,543177,19,1090.50
801,2014-04-24 00:00:00.000,543178,10,525.00
802,2014-04-24 00:00:00.000,543179,31,342.00
803,2014-04-27 00:00:00.000,543180,24,900.00
804,2014-04-27 00:00:00.000,543181,41,45.00
805,2014-04-27 00:00:00.000,543182,34,1665.00
806,2014-04-27 00:00:00.000,543183,59,3658.75
807,2014-04-28 00:00:00.000,543184,12,305.00
808,2014-04-28 00:00:00.000,543185,35,1727.50
809,2014-04-28 00:00:00.000,543186,19,3740.00
810,2014-04-29 00:00:00.000,543187,53,45.00
811,2014-04-29 00:00:00.000,543188,6,858.00
812,2014-04-29 00:00:00.000,543189,67,1838.00
813,2014-04-30 00:00:00.000,543190,27,266.00
814,2014-04-30 00:00:00.000,543191,32,510.00
815,2014-04-30 00:00:00.000,543192,66,508.00
816,2014-04-30 00:00:00.000,543193,37,1445.50
817,2014-05-01 00:00:00.000,543194,71,4722.30
818,2014-05-01 00:00:00.000,543195,46,252.56
819,2014-05-01 00:00:00.000,543196,89,928.75
820,2014-05-04 00:00:00.000,543197,17,86.85
821,2014-05-04 00:00:00.000,543198,62,2384.80
822,2014-05-04 00:00:00.000,543199,80,360.00
823,2014-05-05 00:00:00.000,543200,44,1873.50
824,2014-05-05 00:00:00.000,543201,46,510.00
825,2014-05-05 00:00:00.000,543202,20,5218.00
826,2014-05-05 00:00:00.000,543203,58,300.00
827,2014-05-06 00:00:00.000,543204,73,244.30
828,2014-05-06 00:00:00.000,543205,68,586.00
829,2014-05-06 00:00:00.000,543206,9,1057.00
830,2014-05-06 00:00:00.000,543207,65,1374.60
,,,,
(830 rows af,fected),,,
